{
  "macro_accuracy": 0.9472879655884112,
  "macro_aprec": 0.6449801801007559,
  "macro_auprc": 0.6270383836951595,
  "macro_auroc": 0.9842353297268097,
  "macro_br_score": 0.009666172617236547,
  "macro_f1_score": 0.4479219918692534,
  "macro_prec": 0.305074654561451,
  "macro_rec": 0.9479894399511412,
  "macro_sensitivity": 0.9479894399511412,
  "macro_spec": 0.9473056986879803,
  "per_label_reports": {
    "1dAVB": {
      "accuracy": 0.9219663213934379,
      "aprec": 0.5313625712510479,
      "auprc": 0.5613776152128682,
      "auroc": 0.9782474613013098,
      "br_score": 0.010574899571667998,
      "f1_score": 0.2874504623513871,
      "fn": 27,
      "fp": 2670,
      "prec": 0.16925948973242066,
      "rec": 0.9527145359019265,
      "sensitivity": 0.9527145359019265,
      "spec": 0.921449795534112,
      "tn": 31321,
      "tp": 544
    },
    "AF": {
      "accuracy": 0.9574388056246745,
      "aprec": 0.6756783447832277,
      "auprc": 0.630878411011531,
      "auroc": 0.9851932421503624,
      "br_score": 0.010490053333938085,
      "f1_score": 0.4759529747060919,
      "fn": 41,
      "fp": 1430,
      "prec": 0.31839847473784555,
      "rec": 0.9421720733427362,
      "sensitivity": 0.9421720733427362,
      "spec": 0.9577585442944495,
      "tn": 32423,
      "tp": 668
    },
    "LBBB": {
      "accuracy": 0.9726867658121636,
      "aprec": 0.7742125843884372,
      "auprc": 0.6804807459217862,
      "auroc": 0.9954411008305448,
      "br_score": 0.006138140197341354,
      "f1_score": 0.5551366635249765,
      "fn": 17,
      "fp": 927,
      "prec": 0.38852242744063326,
      "rec": 0.971947194719472,
      "sensitivity": 0.971947194719472,
      "spec": 0.9726999646601484,
      "tn": 33029,
      "tp": 589
    },
    "RBBB": {
      "accuracy": 0.9735258376251374,
      "aprec": 0.788411315133601,
      "auprc": 0.7358293266642544,
      "auroc": 0.9916294024106524,
      "br_score": 0.008660143753040452,
      "f1_score": 0.6681175190424375,
      "fn": 41,
      "fp": 874,
      "prec": 0.5130919220055711,
      "rec": 0.9573804573804574,
      "sensitivity": 0.9573804573804574,
      "spec": 0.9739880952380953,
      "tn": 32726,
      "tp": 921
    },
    "SB": {
      "accuracy": 0.9084543718534807,
      "aprec": 0.40526042341174934,
      "auprc": 0.521141531821378,
      "auroc": 0.9663974278379226,
      "br_score": 0.011825360261163457,
      "f1_score": 0.2412470023980815,
      "fn": 55,
      "fp": 3109,
      "prec": 0.13925802879291252,
      "rec": 0.9014336917562724,
      "sensitivity": 0.9014336917562724,
      "spec": 0.9085695800494059,
      "tn": 30895,
      "tp": 503
    },
    "ST": {
      "accuracy": 0.9496556912215728,
      "aprec": 0.6949558416364717,
      "auprc": 0.6325226715391392,
      "auroc": 0.9885033438300659,
      "br_score": 0.010308438586267944,
      "f1_score": 0.4596273291925465,
      "fn": 29,
      "fp": 1711,
      "prec": 0.3019175846593227,
      "rec": 0.9622886866059818,
      "sensitivity": 0.9622886866059818,
      "spec": 0.9493682123516705,
      "tn": 32082,
      "tp": 740
    }
  },
  "per_label_support": {
    "1dAVB": 571,
    "AF": 709,
    "LBBB": 606,
    "RBBB": 962,
    "SB": 558,
    "ST": 769
  },
  "thresholds": {
    "1dAVB": 0.017852783203125,
    "AF": 0.072265625,
    "LBBB": 0.0252685546875,
    "RBBB": 0.01483917236328125,
    "SB": 0.01812744140625,
    "ST": 0.0352783203125
  }
}
