{
  "macro_accuracy": 0.9474395995764752,
  "macro_aprec": 0.6338592048623607,
  "macro_auprc": 0.6283075203723664,
  "macro_auroc": 0.9850763444109631,
  "macro_br_score": 0.009539939731936202,
  "macro_f1_score": 0.44467077135470406,
  "macro_prec": 0.3015846707885618,
  "macro_rec": 0.9541568498868669,
  "macro_sensitivity": 0.9541568498868669,
  "macro_spec": 0.947338243820751,
  "per_label_reports": {
    "1dAVB": {
      "accuracy": 0.9192751949177014,
      "aprec": 0.4727544802877779,
      "auprc": 0.564713538421084,
      "auroc": 0.9802918032715929,
      "br_score": 0.010865844261429846,
      "f1_score": 0.27774189381216896,
      "fn": 37,
      "fp": 5554,
      "prec": 0.1621662392517725,
      "rec": 0.966726618705036,
      "sensitivity": 0.966726618705036,
      "spec": 0.9185009097845865,
      "tn": 62594,
      "tp": 1075
    },
    "AF": {
      "accuracy": 0.9572480508229858,
      "aprec": 0.6679634541882585,
      "auprc": 0.6212682014745219,
      "auroc": 0.9847193246222787,
      "br_score": 0.009737073311376217,
      "f1_score": 0.46075396102713534,
      "fn": 87,
      "fp": 2874,
      "prec": 0.30562937907707177,
      "rec": 0.9356508875739645,
      "sensitivity": 0.9356508875739645,
      "spec": 0.9576780349885139,
      "tn": 65034,
      "tp": 1265
    },
    "LBBB": {
      "accuracy": 0.9739820964481664,
      "aprec": 0.8071322061960343,
      "auprc": 0.6820096008788528,
      "auroc": 0.994907719785523,
      "br_score": 0.005506331394234678,
      "f1_score": 0.5589818893783651,
      "fn": 34,
      "fp": 1768,
      "prec": 0.3924398625429553,
      "rec": 0.9710884353741497,
      "sensitivity": 0.9710884353741497,
      "spec": 0.9740320780212679,
      "tn": 66316,
      "tp": 1142
    },
    "RBBB": {
      "accuracy": 0.9721339878717875,
      "aprec": 0.7922645423674949,
      "auprc": 0.7390761861414528,
      "auroc": 0.9931616618123088,
      "br_score": 0.008787935128997202,
      "f1_score": 0.6649305555555555,
      "fn": 55,
      "fp": 1875,
      "prec": 0.5052770448548812,
      "rec": 0.9720812182741116,
      "sensitivity": 0.9720812182741116,
      "spec": 0.9721355327686134,
      "tn": 65415,
      "tp": 1915
    },
    "SB": {
      "accuracy": 0.9111030898065261,
      "aprec": 0.41151443318579434,
      "auprc": 0.5335872562871471,
      "auroc": 0.9706670001067008,
      "br_score": 0.011512340283938964,
      "f1_score": 0.24795407353120802,
      "fn": 85,
      "fp": 6072,
      "prec": 0.14321998024551996,
      "rec": 0.9227272727272727,
      "sensitivity": 0.9227272727272727,
      "spec": 0.9109154929577464,
      "tn": 62088,
      "tp": 1015
    },
    "ST": {
      "accuracy": 0.9508951775916835,
      "aprec": 0.6515261129488044,
      "auprc": 0.6291903390311395,
      "auroc": 0.9867105568673751,
      "br_score": 0.010830114011640307,
      "f1_score": 0.457662254823792,
      "fn": 65,
      "fp": 3336,
      "prec": 0.30077551875916997,
      "rec": 0.9566666666666667,
      "sensitivity": 0.9566666666666667,
      "spec": 0.950767414403778,
      "tn": 64424,
      "tp": 1435
    }
  },
  "per_label_support": {
    "1dAVB": 1112,
    "AF": 1352,
    "LBBB": 1176,
    "RBBB": 1970,
    "SB": 1100,
    "ST": 1500
  },
  "thresholds": {
    "1dAVB": 0.017852783203125,
    "AF": 0.072265625,
    "LBBB": 0.0252685546875,
    "RBBB": 0.01483917236328125,
    "SB": 0.01812744140625,
    "ST": 0.0352783203125
  }
}
