dataset,dataset_name,output_dir,train_records,validation_records,test_records,best_epoch,best_validation_macro_auprc,validation_macro_auroc,validation_micro_auroc,validation_macro_auprc,validation_micro_auprc,test_macro_auroc,test_micro_auroc,test_macro_auprc,test_micro_auprc
ptbxl,ptbxl,outputs/resnet1d_internal_dataset_baseline_results/ptbxl,17418,2183,2198,5,0.6796735944508937,0.9652591839740144,0.9637522632508916,0.6796735944508937,0.7234557630134387,0.9639257227801182,0.9677193353488208,0.6682162790333012,0.7241067582901072
code15,code15,outputs/resnet1d_internal_dataset_baseline_results/code15,241957,34562,69260,5,0.6450552922380701,0.9842384167440734,0.9857358990783818,0.6450552922380701,0.6699830034452701,0.9850803059126988,0.9867333058042632,0.6340001847742456,0.6680771011616641
chapman,chapman,outputs/resnet1d_internal_dataset_baseline_results/chapman,7452,1065,2129,4,0.7506491377099535,0.9346687400288416,0.9760716248446012,0.7506491377099535,0.9027026140950348,0.9441003420595888,0.9818720097576176,0.7676498282524294,0.9091985478556084
sph,sph,outputs/resnet1d_internal_dataset_baseline_results/sph,18049,2575,5146,5,0.8127052779453176,0.9907003208542978,0.9891721458231276,0.8127052779453176,0.8419531595341493,0.9863942217424602,0.9867259366372504,0.7911791896461488,0.8168881259652002
