{
  "available_labels": [
    "AF",
    "RBBB",
    "LBBB",
    "1dAVB",
    "SB",
    "ST"
  ],
  "dataset": "PTBXL",
  "domain": "ptbxl_germany",
  "missing_labels": {
    "1dAVB": 0,
    "AF": 0,
    "LBBB": 0,
    "RBBB": 0,
    "SB": 0,
    "ST": 0
  },
  "patients_total": 18869,
  "positive_counts": {
    "1dAVB": 793,
    "AF": 1514,
    "LBBB": 613,
    "RBBB": 1658,
    "SB": 637,
    "ST": 826
  },
  "positive_prevalence": {
    "1dAVB": 0.03637781549612368,
    "AF": 0.0694527271893206,
    "LBBB": 0.028120555988806827,
    "RBBB": 0.07605853479517409,
    "SB": 0.02922152392311574,
    "ST": 0.03789164640579843
  },
  "records_excluded": 0,
  "records_total": 21799,
  "records_usable": 21799,
  "split_label_summary": {
    "test": {
      "patients": 1904,
      "positive_counts": {
        "1dAVB": 79,
        "AF": 152,
        "LBBB": 62,
        "RBBB": 166,
        "SB": 64,
        "ST": 82
      },
      "positive_prevalence": {
        "1dAVB": 0.0359417652411283,
        "AF": 0.06915377616014559,
        "LBBB": 0.028207461328480437,
        "RBBB": 0.07552320291173795,
        "SB": 0.029117379435850774,
        "ST": 0.0373066424021838
      },
      "records": 2198
    },
    "train": {
      "patients": 15023,
      "positive_counts": {
        "1dAVB": 634,
        "AF": 1211,
        "LBBB": 490,
        "RBBB": 1326,
        "SB": 509,
        "ST": 661
      },
      "positive_prevalence": {
        "1dAVB": 0.036399127339533814,
        "AF": 0.06952577793087611,
        "LBBB": 0.028131817659892065,
        "RBBB": 0.07612814330003445,
        "SB": 0.029222643242622574,
        "ST": 0.037949247904466646
      },
      "records": 17418
    },
    "validation": {
      "patients": 1942,
      "positive_counts": {
        "1dAVB": 80,
        "AF": 151,
        "LBBB": 61,
        "RBBB": 166,
        "SB": 64,
        "ST": 83
      },
      "positive_prevalence": {
        "1dAVB": 0.03664681630783326,
        "AF": 0.06917086578103528,
        "LBBB": 0.027943197434722858,
        "RBBB": 0.076042143838754,
        "SB": 0.029317453046266605,
        "ST": 0.038021071919377
      },
      "records": 2183
    }
  },
  "split_policy": {
    "leakage_check": {
      "patient_column": "patient_id",
      "status": "passed"
    },
    "method": "official_strat_fold",
    "seed": null,
    "split_algorithm": "official_strat_fold",
    "split_level": "patient",
    "split_source": "official",
    "stratification": "official_folds",
    "test_fraction": null,
    "train_fraction": null,
    "validation_fraction": null
  },
  "waveform_check": {
    "checked_records": 21799,
    "lead_order": [
      "I",
      "II",
      "III",
      "aVR",
      "aVL",
      "aVF",
      "V1",
      "V2",
      "V3",
      "V4",
      "V5",
      "V6"
    ],
    "mode": "full",
    "source_unit": "mV",
    "target_length": 5000,
    "target_sampling_rate": 500,
    "target_unit": "mV",
    "unit_converted": false
  }
}
