label,positive_rate
AF,0.0694527271893206
RBBB,0.07605853479517409
LBBB,0.028120555988806827
1dAVB,0.03637781549612368
SB,0.02922152392311574
ST,0.03789164640579843
