{
  "macro_accuracy": 0.9191689414619351,
  "macro_aprec": 0.6680093982166014,
  "macro_auprc": 0.6594361682931785,
  "macro_auroc": 0.9639261585934907,
  "macro_br_score": 0.02158350313827755,
  "macro_f1_score": 0.527371929934047,
  "macro_prec": 0.39885843323343323,
  "macro_rec": 0.9162225779055472,
  "macro_sensitivity": 0.9162225779055472,
  "macro_spec": 0.9197495032933566,
  "per_label_reports": {
    "1dAVB": {
      "accuracy": 0.8671519563239308,
      "aprec": 0.4368529832507058,
      "auprc": 0.5372742543185177,
      "auroc": 0.9369746895179837,
      "br_score": 0.027069123914593825,
      "f1_score": 0.3209302325581395,
      "fn": 10,
      "fp": 282,
      "prec": 0.19658119658119658,
      "rec": 0.8734177215189873,
      "sensitivity": 0.8734177215189873,
      "spec": 0.8669183577159038,
      "tn": 1837,
      "tp": 69
    },
    "AF": {
      "accuracy": 0.9640582347588716,
      "aprec": 0.8179177501097227,
      "auprc": 0.7884738487571207,
      "auroc": 0.9608124967844833,
      "br_score": 0.022684007339374854,
      "f1_score": 0.7723342939481268,
      "fn": 18,
      "fp": 61,
      "prec": 0.6871794871794872,
      "rec": 0.881578947368421,
      "sensitivity": 0.881578947368421,
      "spec": 0.9701857282502444,
      "tn": 1985,
      "tp": 134
    },
    "LBBB": {
      "accuracy": 0.9681528662420382,
      "aprec": 0.8812767139094145,
      "auprc": 0.7187009267956207,
      "auroc": 0.9816283073577384,
      "br_score": 0.008654875490356534,
      "f1_score": 0.631578947368421,
      "fn": 2,
      "fp": 68,
      "prec": 0.46875,
      "rec": 0.967741935483871,
      "sensitivity": 0.967741935483871,
      "spec": 0.9681647940074907,
      "tn": 2068,
      "tp": 60
    },
    "RBBB": {
      "accuracy": 0.9481346678798908,
      "aprec": 0.8792005989105656,
      "auprc": 0.7769658749149964,
      "auroc": 0.9883401717104638,
      "br_score": 0.020950837566564153,
      "f1_score": 0.7348837209302325,
      "fn": 8,
      "fp": 106,
      "prec": 0.5984848484848485,
      "rec": 0.9518072289156626,
      "sensitivity": 0.9518072289156626,
      "spec": 0.9478346456692913,
      "tn": 1926,
      "tp": 158
    },
    "SB": {
      "accuracy": 0.8571428571428571,
      "aprec": 0.3559029664456872,
      "auprc": 0.5081237046304721,
      "auroc": 0.9380418228678538,
      "br_score": 0.028192042110167768,
      "f1_score": 0.259433962264151,
      "fn": 9,
      "fp": 305,
      "prec": 0.1527777777777778,
      "rec": 0.859375,
      "sensitivity": 0.859375,
      "spec": 0.8570759137769447,
      "tn": 1829,
      "tp": 55
    },
    "ST": {
      "accuracy": 0.9103730664240218,
      "aprec": 0.6369053766735123,
      "auprc": 0.6270784003423432,
      "auroc": 0.9777594633224215,
      "br_score": 0.02195013240860818,
      "f1_score": 0.44507042253521123,
      "fn": 3,
      "fp": 194,
      "prec": 0.2893772893772894,
      "rec": 0.9634146341463414,
      "sensitivity": 0.9634146341463414,
      "spec": 0.9083175803402647,
      "tn": 1922,
      "tp": 79
    }
  },
  "per_label_support": {
    "1dAVB": 79,
    "AF": 152,
    "LBBB": 62,
    "RBBB": 166,
    "SB": 64,
    "ST": 82
  },
  "thresholds": {
    "1dAVB": 0.11065673828125,
    "AF": 0.234619140625,
    "LBBB": 0.0243377685546875,
    "RBBB": 0.1590576171875,
    "SB": 0.1309814453125,
    "ST": 0.0290374755859375
  }
}
