{
  "macro_accuracy": 0.9207512597343106,
  "macro_aprec": 0.6795209621604462,
  "macro_auprc": 0.650277587106771,
  "macro_auroc": 0.9652527989730425,
  "macro_br_score": 0.02229824453482335,
  "macro_f1_score": 0.5232530967607677,
  "macro_prec": 0.39197236894996973,
  "macro_rec": 0.9045363859629157,
  "macro_sensitivity": 0.9045363859629157,
  "macro_spec": 0.9215352262920234,
  "per_label_reports": {
    "1dAVB": {
      "accuracy": 0.8772331653687586,
      "aprec": 0.4992488654629423,
      "auprc": 0.5326867828280257,
      "auroc": 0.939455539705183,
      "br_score": 0.026714553095998003,
      "f1_score": 0.33663366336633666,
      "fn": 12,
      "fp": 256,
      "prec": 0.20987654320987653,
      "rec": 0.85,
      "sensitivity": 0.85,
      "spec": 0.8782691393247741,
      "tn": 1847,
      "tp": 68
    },
    "AF": {
      "accuracy": 0.9633531836921667,
      "aprec": 0.8477476935086613,
      "auprc": 0.796516562062776,
      "auroc": 0.9742334567450592,
      "br_score": 0.020927438506352435,
      "f1_score": 0.7752808988764046,
      "fn": 13,
      "fp": 67,
      "prec": 0.6731707317073171,
      "rec": 0.9139072847682119,
      "sensitivity": 0.9139072847682119,
      "spec": 0.9670275590551181,
      "tn": 1965,
      "tp": 138
    },
    "LBBB": {
      "accuracy": 0.9665597801191022,
      "aprec": 0.8070628422406213,
      "auprc": 0.677603763808265,
      "auroc": 0.9808640163161879,
      "br_score": 0.010826474572508552,
      "f1_score": 0.6010928961748634,
      "fn": 6,
      "fp": 67,
      "prec": 0.45081967213114754,
      "rec": 0.9016393442622951,
      "sensitivity": 0.9016393442622951,
      "spec": 0.9684260131950989,
      "tn": 2055,
      "tp": 55
    },
    "RBBB": {
      "accuracy": 0.9404489234997709,
      "aprec": 0.872169266305187,
      "auprc": 0.7598788124160801,
      "auroc": 0.9828714958993137,
      "br_score": 0.023008177139674943,
      "f1_score": 0.7085201793721972,
      "fn": 8,
      "fp": 122,
      "prec": 0.5642857142857143,
      "rec": 0.9518072289156626,
      "sensitivity": 0.9518072289156626,
      "spec": 0.939514129895885,
      "tn": 1895,
      "tp": 158
    },
    "SB": {
      "accuracy": 0.8671552908841045,
      "aprec": 0.4838418700803892,
      "auprc": 0.5392945772489706,
      "auroc": 0.947078515809344,
      "br_score": 0.026436537009263992,
      "f1_score": 0.2857142857142857,
      "fn": 6,
      "fp": 284,
      "prec": 0.1695906432748538,
      "rec": 0.90625,
      "sensitivity": 0.90625,
      "spec": 0.8659745162812648,
      "tn": 1835,
      "tp": 58
    },
    "ST": {
      "accuracy": 0.9097572148419606,
      "aprec": 0.5670552353648762,
      "auprc": 0.5956850242765088,
      "auroc": 0.9670137693631671,
      "br_score": 0.02587628688514219,
      "f1_score": 0.43227665706051877,
      "fn": 8,
      "fp": 189,
      "prec": 0.2840909090909091,
      "rec": 0.9036144578313253,
      "sensitivity": 0.9036144578313253,
      "spec": 0.91,
      "tn": 1911,
      "tp": 75
    }
  },
  "per_label_support": {
    "1dAVB": 80,
    "AF": 151,
    "LBBB": 61,
    "RBBB": 166,
    "SB": 64,
    "ST": 83
  },
  "thresholds": {
    "1dAVB": 0.11065673828125,
    "AF": 0.234619140625,
    "LBBB": 0.0243377685546875,
    "RBBB": 0.1590576171875,
    "SB": 0.1309814453125,
    "ST": 0.0290374755859375
  }
}
