{
  "available_labels": [
    "AF",
    "RBBB",
    "LBBB",
    "1dAVB",
    "SB",
    "ST"
  ],
  "dataset": "CHAPMAN",
  "domain": "chapman_ningbo_china",
  "missing_labels": {
    "1dAVB": 0,
    "AF": 0,
    "LBBB": 0,
    "RBBB": 0,
    "SB": 0,
    "ST": 0
  },
  "patients_total": null,
  "positive_counts": {
    "1dAVB": 252,
    "AF": 1780,
    "LBBB": 94,
    "RBBB": 460,
    "SB": 3889,
    "ST": 1568
  },
  "positive_prevalence": {
    "1dAVB": 0.023670862295697915,
    "AF": 0.16719894796167575,
    "LBBB": 0.00882960736426827,
    "RBBB": 0.04320871688897238,
    "SB": 0.36530152169829044,
    "ST": 0.1472853653954537
  },
  "records_excluded": 0,
  "records_total": 10646,
  "records_usable": 10646,
  "split_label_summary": {
    "test": {
      "patients": null,
      "positive_counts": {
        "1dAVB": 51,
        "AF": 339,
        "LBBB": 14,
        "RBBB": 84,
        "SB": 777,
        "ST": 336
      },
      "positive_prevalence": {
        "1dAVB": 0.023954908407703146,
        "AF": 0.1592296852982621,
        "LBBB": 0.006575857209957727,
        "RBBB": 0.03945514325974636,
        "SB": 0.36496007515265383,
        "ST": 0.15782057303898545
      },
      "records": 2129
    },
    "train": {
      "patients": null,
      "positive_counts": {
        "1dAVB": 161,
        "AF": 1249,
        "LBBB": 68,
        "RBBB": 326,
        "SB": 2731,
        "ST": 1062
      },
      "positive_prevalence": {
        "1dAVB": 0.021604938271604937,
        "AF": 0.16760601180891035,
        "LBBB": 0.00912506709608159,
        "RBBB": 0.04374664519592056,
        "SB": 0.36647879763821795,
        "ST": 0.14251207729468598
      },
      "records": 7452
    },
    "validation": {
      "patients": null,
      "positive_counts": {
        "1dAVB": 40,
        "AF": 192,
        "LBBB": 12,
        "RBBB": 50,
        "SB": 381,
        "ST": 170
      },
      "positive_prevalence": {
        "1dAVB": 0.03755868544600939,
        "AF": 0.18028169014084508,
        "LBBB": 0.011267605633802818,
        "RBBB": 0.046948356807511735,
        "SB": 0.35774647887323946,
        "ST": 0.1596244131455399
      },
      "records": 1065
    }
  },
  "split_policy": {
    "leakage_check": {
      "reason": "patient_id_column_unavailable",
      "status": "unavailable"
    },
    "method": "record_level_random_no_patient_id",
    "seed": 42,
    "split_algorithm": "record_level_random_no_patient_id",
    "split_level": "record",
    "split_source": "generated",
    "stratification": "record_level_random",
    "test_fraction": 0.2,
    "train_fraction": 0.7,
    "validation_fraction": 0.1
  },
  "waveform_check": {
    "checked_records": 10646,
    "lead_order": [
      "I",
      "II",
      "III",
      "aVR",
      "aVL",
      "aVF",
      "V1",
      "V2",
      "V3",
      "V4",
      "V5",
      "V6"
    ],
    "mode": "full",
    "source_unit": "uV",
    "target_length": 5000,
    "target_sampling_rate": 500,
    "target_unit": "mV",
    "unit_converted": true
  }
}
