label,positive_rate
AF,0.16719894796167575
RBBB,0.04320871688897238
LBBB,0.00882960736426827
1dAVB,0.023670862295697915
SB,0.36530152169829044
ST,0.1472853653954537
