{
  "available_labels": [
    "AF",
    "RBBB",
    "LBBB",
    "1dAVB",
    "SB",
    "ST"
  ],
  "dataset": "SPH",
  "domain": "sph_china",
  "missing_labels": {
    "1dAVB": 0,
    "AF": 0,
    "LBBB": 0,
    "RBBB": 0,
    "SB": 0,
    "ST": 0
  },
  "patients_total": 24666,
  "positive_counts": {
    "1dAVB": 238,
    "AF": 675,
    "LBBB": 84,
    "RBBB": 710,
    "SB": 2711,
    "ST": 725
  },
  "positive_prevalence": {
    "1dAVB": 0.009235545207605743,
    "AF": 0.02619324796274738,
    "LBBB": 0.003259604190919674,
    "RBBB": 0.027551416375630577,
    "SB": 0.10519984478075281,
    "ST": 0.02813348855258052
  },
  "records_excluded": 0,
  "records_total": 25770,
  "records_usable": 25770,
  "split_label_summary": {
    "test": {
      "patients": 4933,
      "positive_counts": {
        "1dAVB": 50,
        "AF": 137,
        "LBBB": 22,
        "RBBB": 135,
        "SB": 544,
        "ST": 156
      },
      "positive_prevalence": {
        "1dAVB": 0.00971628449280995,
        "AF": 0.02662261951029926,
        "LBBB": 0.004275165176836378,
        "RBBB": 0.026233968130586864,
        "SB": 0.10571317528177225,
        "ST": 0.030314807617567042
      },
      "records": 5146
    },
    "train": {
      "patients": 17266,
      "positive_counts": {
        "1dAVB": 168,
        "AF": 462,
        "LBBB": 52,
        "RBBB": 505,
        "SB": 1903,
        "ST": 506
      },
      "positive_prevalence": {
        "1dAVB": 0.009307994902764696,
        "AF": 0.025596985982602915,
        "LBBB": 0.0028810460413319296,
        "RBBB": 0.027979389439858164,
        "SB": 0.10543520416643581,
        "ST": 0.02803479417142224
      },
      "records": 18049
    },
    "validation": {
      "patients": 2467,
      "positive_counts": {
        "1dAVB": 20,
        "AF": 76,
        "LBBB": 10,
        "RBBB": 70,
        "SB": 264,
        "ST": 63
      },
      "positive_prevalence": {
        "1dAVB": 0.007766990291262136,
        "AF": 0.029514563106796118,
        "LBBB": 0.003883495145631068,
        "RBBB": 0.027184466019417475,
        "SB": 0.10252427184466019,
        "ST": 0.02446601941747573
      },
      "records": 2575
    }
  },
  "split_policy": {
    "leakage_check": {
      "patient_column": "Patient_ID",
      "status": "passed"
    },
    "method": "patient_level_random",
    "seed": 42,
    "split_algorithm": "patient_level_random",
    "split_level": "patient",
    "split_note": "Fallback random patient split used because stratified patient split was not feasible",
    "split_source": "generated",
    "stratification": "none",
    "test_fraction": 0.2,
    "train_fraction": 0.7,
    "validation_fraction": 0.1
  },
  "waveform_check": {
    "checked_records": 25770,
    "lead_order": [
      "I",
      "II",
      "III",
      "aVR",
      "aVL",
      "aVF",
      "V1",
      "V2",
      "V3",
      "V4",
      "V5",
      "V6"
    ],
    "mode": "full",
    "source_unit": "mV",
    "target_length": 5000,
    "target_sampling_rate": 500,
    "target_unit": "mV",
    "unit_converted": false
  }
}
