label,positive_rate
AF,0.02619324796274738
RBBB,0.027551416375630577
LBBB,0.003259604190919674
1dAVB,0.009235545207605743
SB,0.10519984478075281
ST,0.02813348855258052
