{
  "macro_accuracy": 0.9331768388106417,
  "macro_aprec": 0.7506948455915623,
  "macro_auprc": 0.7422116516825777,
  "macro_auroc": 0.9346689942785833,
  "macro_br_score": 0.03345496372387415,
  "macro_f1_score": 0.7002683476571968,
  "macro_prec": 0.6086996482558159,
  "macro_rec": 0.8647690385209202,
  "macro_sensitivity": 0.8647690385209202,
  "macro_spec": 0.9340589880139696,
  "per_label_reports": {
    "1dAVB": {
      "accuracy": 0.8413145539906103,
      "aprec": 0.08966692594684403,
      "auprc": 0.2898740930431072,
      "auroc": 0.689109756097561,
      "br_score": 0.03605499720032709,
      "f1_score": 0.17560975609756097,
      "fn": 22,
      "fp": 147,
      "prec": 0.10909090909090909,
      "rec": 0.45,
      "sensitivity": 0.45,
      "spec": 0.8565853658536585,
      "tn": 878,
      "tp": 18
    },
    "AF": {
      "accuracy": 0.9342723004694836,
      "aprec": 0.9260672869849004,
      "auprc": 0.8494452707625061,
      "auroc": 0.9797095742649866,
      "br_score": 0.051188647439929964,
      "f1_score": 0.8349056603773585,
      "fn": 15,
      "fp": 55,
      "prec": 0.7629310344827587,
      "rec": 0.921875,
      "sensitivity": 0.921875,
      "spec": 0.9369988545246277,
      "tn": 818,
      "tp": 177
    },
    "LBBB": {
      "accuracy": 0.9906103286384976,
      "aprec": 0.7187033146591971,
      "auprc": 0.7727272727272727,
      "auroc": 0.99667616334283,
      "br_score": 0.006661803247065957,
      "f1_score": 0.7058823529411764,
      "fn": 0,
      "fp": 10,
      "prec": 0.5454545454545454,
      "rec": 1.0,
      "sensitivity": 1.0,
      "spec": 0.9905033238366572,
      "tn": 1043,
      "tp": 12
    },
    "RBBB": {
      "accuracy": 0.9746478873239437,
      "aprec": 0.899029020147763,
      "auprc": 0.8097060904238215,
      "auroc": 0.9916157635467979,
      "br_score": 0.009537252578357748,
      "f1_score": 0.7804878048780488,
      "fn": 2,
      "fp": 25,
      "prec": 0.6575342465753424,
      "rec": 0.96,
      "sensitivity": 0.96,
      "spec": 0.9753694581280788,
      "tn": 990,
      "tp": 48
    },
    "SB": {
      "accuracy": 0.9314553990610329,
      "aprec": 0.9573081696633521,
      "auprc": 0.9189555387626988,
      "auroc": 0.9810210127242867,
      "br_score": 0.05684503289047727,
      "f1_score": 0.9099876695437732,
      "fn": 12,
      "fp": 61,
      "prec": 0.858139534883721,
      "rec": 0.968503937007874,
      "sensitivity": 0.968503937007874,
      "spec": 0.9108187134502924,
      "tn": 623,
      "tp": 369
    },
    "ST": {
      "accuracy": 0.9267605633802817,
      "aprec": 0.9133943561473173,
      "auprc": 0.8125616443760604,
      "auroc": 0.9698816956950378,
      "br_score": 0.04044204898708688,
      "f1_score": 0.7947368421052631,
      "fn": 19,
      "fp": 59,
      "prec": 0.719047619047619,
      "rec": 0.888235294117647,
      "sensitivity": 0.888235294117647,
      "spec": 0.9340782122905028,
      "tn": 836,
      "tp": 151
    }
  },
  "per_label_support": {
    "1dAVB": 40,
    "AF": 192,
    "LBBB": 12,
    "RBBB": 50,
    "SB": 381,
    "ST": 170
  },
  "thresholds": {
    "1dAVB": 0.030731201171875,
    "AF": 0.11517333984375,
    "LBBB": 0.04132080078125,
    "RBBB": 0.127685546875,
    "SB": 0.173828125,
    "ST": 0.284423828125
  }
}
