{
  "macro_accuracy": 0.9379990605918271,
  "macro_aprec": 0.767498711753776,
  "macro_auprc": 0.7237622104793676,
  "macro_auroc": 0.9441047615253542,
  "macro_br_score": 0.029422326585235258,
  "macro_f1_score": 0.6764953371586421,
  "macro_prec": 0.5860321945534408,
  "macro_rec": 0.8524895647488049,
  "macro_sensitivity": 0.8524895647488049,
  "macro_spec": 0.9378335706752313,
  "per_label_reports": {
    "1dAVB": {
      "accuracy": 0.8609675904180366,
      "aprec": 0.11355186760050265,
      "auprc": 0.28259075421312113,
      "auroc": 0.7568316065598522,
      "br_score": 0.022936114069125664,
      "f1_score": 0.13953488372093023,
      "fn": 27,
      "fp": 269,
      "prec": 0.08191126279863481,
      "rec": 0.47058823529411764,
      "sensitivity": 0.47058823529411764,
      "spec": 0.870548604427334,
      "tn": 1809,
      "tp": 24
    },
    "AF": {
      "accuracy": 0.9342414279004227,
      "aprec": 0.9079696503370962,
      "auprc": 0.8385242561094158,
      "auroc": 0.9824574413737412,
      "br_score": 0.04438697840357074,
      "f1_score": 0.8200514138817482,
      "fn": 20,
      "fp": 120,
      "prec": 0.7266514806378133,
      "rec": 0.9410029498525073,
      "sensitivity": 0.9410029498525073,
      "spec": 0.9329608938547486,
      "tn": 1670,
      "tp": 319
    },
    "LBBB": {
      "accuracy": 0.9943635509628934,
      "aprec": 0.8843551289979861,
      "auprc": 0.7353538996622604,
      "auroc": 0.9991725768321513,
      "br_score": 0.0023107046749613743,
      "f1_score": 0.6842105263157894,
      "fn": 1,
      "fp": 11,
      "prec": 0.5416666666666666,
      "rec": 0.9285714285714286,
      "sensitivity": 0.9285714285714286,
      "spec": 0.9947990543735225,
      "tn": 2104,
      "tp": 13
    },
    "RBBB": {
      "accuracy": 0.9657116016909347,
      "aprec": 0.8297398677399458,
      "auprc": 0.7237633148259454,
      "auroc": 0.9664076143904994,
      "br_score": 0.013353326923914804,
      "f1_score": 0.6755555555555556,
      "fn": 8,
      "fp": 65,
      "prec": 0.5390070921985816,
      "rec": 0.9047619047619048,
      "sensitivity": 0.9047619047619048,
      "spec": 0.9682151589242054,
      "tn": 1980,
      "tp": 76
    },
    "SB": {
      "accuracy": 0.9323626115547206,
      "aprec": 0.966632763721564,
      "auprc": 0.921492439349321,
      "auroc": 0.9835398056551903,
      "br_score": 0.05584224287181798,
      "f1_score": 0.9124087591240876,
      "fn": 27,
      "fp": 117,
      "prec": 0.8650519031141869,
      "rec": 0.9652509652509652,
      "sensitivity": 0.9652509652509652,
      "spec": 0.9134615384615384,
      "tn": 1235,
      "tp": 750
    },
    "ST": {
      "accuracy": 0.9403475810239549,
      "aprec": 0.9027429921255613,
      "auprc": 0.8408485987161421,
      "auroc": 0.9762195243406899,
      "br_score": 0.037704592568021014,
      "f1_score": 0.8272108843537415,
      "fn": 32,
      "fp": 95,
      "prec": 0.7619047619047619,
      "rec": 0.9047619047619048,
      "sensitivity": 0.9047619047619048,
      "spec": 0.947016174010039,
      "tn": 1698,
      "tp": 304
    }
  },
  "per_label_support": {
    "1dAVB": 51,
    "AF": 339,
    "LBBB": 14,
    "RBBB": 84,
    "SB": 777,
    "ST": 336
  },
  "thresholds": {
    "1dAVB": 0.030731201171875,
    "AF": 0.11517333984375,
    "LBBB": 0.04132080078125,
    "RBBB": 0.127685546875,
    "SB": 0.173828125,
    "ST": 0.284423828125
  }
}
