{
  "macro_accuracy": 0.9618797771732089,
  "macro_aprec": 0.7911502612880805,
  "macro_auprc": 0.7458358185424556,
  "macro_auroc": 0.9863888273185353,
  "macro_br_score": 0.013759859948043256,
  "macro_f1_score": 0.6510605185938069,
  "macro_prec": 0.5396567800227191,
  "macro_rec": 0.9506869648481749,
  "macro_sensitivity": 0.9506869648481749,
  "macro_spec": 0.9613125349138473,
  "per_label_reports": {
    "1dAVB": {
      "accuracy": 0.928682471822775,
      "aprec": 0.2961634002586272,
      "auprc": 0.5166233702061183,
      "auroc": 0.9674430926216641,
      "br_score": 0.007976116042664499,
      "f1_score": 0.20043572984749455,
      "fn": 4,
      "fp": 363,
      "prec": 0.11246943765281174,
      "rec": 0.92,
      "sensitivity": 0.92,
      "spec": 0.9287676609105181,
      "tn": 4733,
      "tp": 46
    },
    "AF": {
      "accuracy": 0.9801787796346677,
      "aprec": 0.8349466244043722,
      "auprc": 0.780129098170055,
      "auroc": 0.9965121176043706,
      "br_score": 0.007904504006217688,
      "f1_score": 0.7258064516129032,
      "fn": 2,
      "fp": 100,
      "prec": 0.574468085106383,
      "rec": 0.9854014598540146,
      "sensitivity": 0.9854014598540146,
      "spec": 0.9800359353164304,
      "tn": 4909,
      "tp": 135
    },
    "LBBB": {
      "accuracy": 0.999028371550719,
      "aprec": 0.9450059288537549,
      "auprc": 0.8895223889309628,
      "auroc": 0.9990064580228515,
      "br_score": 0.0010822845148417567,
      "f1_score": 0.888888888888889,
      "fn": 2,
      "fp": 3,
      "prec": 0.8695652173913043,
      "rec": 0.9090909090909091,
      "sensitivity": 0.9090909090909091,
      "spec": 0.9994145199063232,
      "tn": 5121,
      "tp": 20
    },
    "RBBB": {
      "accuracy": 0.9895064127477653,
      "aprec": 0.96611581977957,
      "auprc": 0.8474522896035716,
      "auroc": 0.9909340192317643,
      "br_score": 0.003306090362048606,
      "f1_score": 0.8291139240506329,
      "fn": 4,
      "fp": 50,
      "prec": 0.7237569060773481,
      "rec": 0.9703703703703703,
      "sensitivity": 0.9703703703703703,
      "spec": 0.9900219517062463,
      "tn": 4961,
      "tp": 131
    },
    "SB": {
      "accuracy": 0.9251846094053634,
      "aprec": 0.8665661696704852,
      "auprc": 0.7761120270934622,
      "auroc": 0.9825343680496971,
      "br_score": 0.049587037889551565,
      "f1_score": 0.7302032235459004,
      "fn": 23,
      "fp": 362,
      "prec": 0.5900339750849377,
      "rec": 0.9577205882352942,
      "sensitivity": 0.9577205882352942,
      "spec": 0.9213385484571925,
      "tn": 4240,
      "tp": 521
    },
    "ST": {
      "accuracy": 0.9486980178779635,
      "aprec": 0.8381036247616735,
      "auprc": 0.6651757372505641,
      "auroc": 0.9819029083808644,
      "br_score": 0.012703126872935424,
      "f1_score": 0.5319148936170213,
      "fn": 6,
      "fp": 258,
      "prec": 0.36764705882352944,
      "rec": 0.9615384615384616,
      "sensitivity": 0.9615384615384616,
      "spec": 0.9482965931863727,
      "tn": 4732,
      "tp": 150
    }
  },
  "per_label_support": {
    "1dAVB": 50,
    "AF": 137,
    "LBBB": 22,
    "RBBB": 135,
    "SB": 544,
    "ST": 156
  },
  "thresholds": {
    "1dAVB": 0.05126953125,
    "AF": 0.046295166015625,
    "LBBB": 0.060760498046875,
    "RBBB": 0.01467132568359375,
    "SB": 0.456787109375,
    "ST": 0.01282501220703125
  }
}
