{
  "macro_accuracy": 0.96,
  "macro_aprec": 0.8124300191031616,
  "macro_auprc": 0.7364475550699768,
  "macro_auroc": 0.9906976342846748,
  "macro_br_score": 0.012411847649399746,
  "macro_f1_score": 0.6195324359965771,
  "macro_prec": 0.5034478281121911,
  "macro_rec": 0.9686058580795424,
  "macro_sensitivity": 0.9686058580795424,
  "macro_spec": 0.9590300725020527,
  "per_label_reports": {
    "1dAVB": {
      "accuracy": 0.9300970873786408,
      "aprec": 0.4255877437565023,
      "auprc": 0.55,
      "auroc": 0.990880626223092,
      "br_score": 0.005986903246135973,
      "f1_score": 0.18181818181818182,
      "fn": 0,
      "fp": 180,
      "prec": 0.1,
      "rec": 1.0,
      "sensitivity": 1.0,
      "spec": 0.9295499021526419,
      "tn": 2375,
      "tp": 20
    },
    "AF": {
      "accuracy": 0.9728155339805825,
      "aprec": 0.8800391287309176,
      "auprc": 0.7477938350594112,
      "auroc": 0.9827062403908933,
      "br_score": 0.006945625238654094,
      "f1_score": 0.6788990825688074,
      "fn": 2,
      "fp": 68,
      "prec": 0.5211267605633803,
      "rec": 0.9736842105263158,
      "sensitivity": 0.9736842105263158,
      "spec": 0.9727891156462585,
      "tn": 2431,
      "tp": 74
    },
    "LBBB": {
      "accuracy": 0.9980582524271845,
      "aprec": 0.9666666666666667,
      "auprc": 0.7963480209111277,
      "auroc": 0.9998050682261208,
      "br_score": 0.0009192435734038729,
      "f1_score": 0.7826086956521738,
      "fn": 1,
      "fp": 4,
      "prec": 0.6923076923076923,
      "rec": 0.9,
      "sensitivity": 0.9,
      "spec": 0.9984405458089669,
      "tn": 2561,
      "tp": 9
    },
    "RBBB": {
      "accuracy": 0.9949514563106796,
      "aprec": 0.9805348129095294,
      "auprc": 0.9216867469879518,
      "auroc": 0.9996350156829198,
      "br_score": 0.0023381194224208566,
      "f1_score": 0.9150326797385622,
      "fn": 0,
      "fp": 13,
      "prec": 0.8433734939759037,
      "rec": 1.0,
      "sensitivity": 1.0,
      "spec": 0.9948103792415169,
      "tn": 2492,
      "tp": 70
    },
    "SB": {
      "accuracy": 0.9289320388349515,
      "aprec": 0.8719174509102625,
      "auprc": 0.7833856416074333,
      "auroc": 0.9843526677418931,
      "br_score": 0.04771671470489957,
      "f1_score": 0.7366906474820144,
      "fn": 8,
      "fp": 175,
      "prec": 0.5939675174013921,
      "rec": 0.9696969696969697,
      "sensitivity": 0.9696969696969697,
      "spec": 0.9242752055387278,
      "tn": 2136,
      "tp": 256
    },
    "ST": {
      "accuracy": 0.9351456310679611,
      "aprec": 0.7498343116450908,
      "auprc": 0.6194710858539367,
      "auroc": 0.9868061874431302,
      "br_score": 0.010564479710884114,
      "f1_score": 0.42214532871972316,
      "fn": 2,
      "fp": 165,
      "prec": 0.26991150442477874,
      "rec": 0.9682539682539683,
      "sensitivity": 0.9682539682539683,
      "spec": 0.9343152866242038,
      "tn": 2347,
      "tp": 61
    }
  },
  "per_label_support": {
    "1dAVB": 20,
    "AF": 76,
    "LBBB": 10,
    "RBBB": 70,
    "SB": 264,
    "ST": 63
  },
  "thresholds": {
    "1dAVB": 0.05126953125,
    "AF": 0.046295166015625,
    "LBBB": 0.060760498046875,
    "RBBB": 0.01467132568359375,
    "SB": 0.456787109375,
    "ST": 0.01282501220703125
  }
}
