{
  "epochs": [
    {
      "epoch": 1,
      "train": {
        "loss": 0.15056635938496687,
        "max_batch_loss": 0.6702221035957336,
        "min_batch_loss": 0.06042679771780968,
        "samples": 17418,
        "steps": 273
      },
      "validation": {
        "macro_auprc": 0.43871581505921187,
        "macro_auroc": 0.8831397888452366,
        "micro_auprc": 0.48597302977470863,
        "micro_auroc": 0.9022114202135013,
        "num_records": 2183,
        "per_label_auprc": {
          "1dAVB": 0.09471974138902675,
          "AF": 0.48253650352780975,
          "LBBB": 0.7393022460999613,
          "RBBB": 0.7830420867250791,
          "SB": 0.22613660621640957,
          "ST": 0.306557706396985
        },
        "per_label_auroc": {
          "1dAVB": 0.6926117451260104,
          "AF": 0.8696648328727121,
          "LBBB": 0.9797979017629517,
          "RBBB": 0.9684757871346565,
          "SB": 0.8676631075979235,
          "ST": 0.9206253585771659
        },
        "per_label_support": {
          "1dAVB": 80,
          "AF": 151,
          "LBBB": 61,
          "RBBB": 166,
          "SB": 64,
          "ST": 83
        }
      }
    },
    {
      "epoch": 2,
      "train": {
        "loss": 0.10268022312230585,
        "max_batch_loss": 0.17806433141231537,
        "min_batch_loss": 0.04289157688617706,
        "samples": 17418,
        "steps": 273
      },
      "validation": {
        "macro_auprc": 0.5397425516842479,
        "macro_auroc": 0.9258993100268724,
        "micro_auprc": 0.6150883710119558,
        "micro_auroc": 0.9452380936630298,
        "num_records": 2183,
        "per_label_auprc": {
          "1dAVB": 0.135439621449004,
          "AF": 0.6098562448570393,
          "LBBB": 0.807503224135395,
          "RBBB": 0.8509822107211992,
          "SB": 0.3492111430178277,
          "ST": 0.4854628659250224
        },
        "per_label_auroc": {
          "1dAVB": 0.7854790775083215,
          "AF": 0.9401203264327058,
          "LBBB": 0.973864742510159,
          "RBBB": 0.9825399764651068,
          "SB": 0.9228409627182633,
          "ST": 0.9505507745266781
        },
        "per_label_support": {
          "1dAVB": 80,
          "AF": 151,
          "LBBB": 61,
          "RBBB": 166,
          "SB": 64,
          "ST": 83
        }
      }
    },
    {
      "epoch": 3,
      "train": {
        "loss": 0.0856304297865101,
        "max_batch_loss": 0.20921598374843597,
        "min_batch_loss": 0.03252479061484337,
        "samples": 17418,
        "steps": 273
      },
      "validation": {
        "macro_auprc": 0.6237130977294504,
        "macro_auroc": 0.9544172389894573,
        "micro_auprc": 0.6578473577587765,
        "micro_auroc": 0.9579460365573316,
        "num_records": 2183,
        "per_label_auprc": {
          "1dAVB": 0.3546414401597179,
          "AF": 0.7535582667181834,
          "LBBB": 0.8074164553809211,
          "RBBB": 0.8767712475078675,
          "SB": 0.4388194949538078,
          "ST": 0.5110716816562046
        },
        "per_label_auroc": {
          "1dAVB": 0.8906740370898716,
          "AF": 0.9710427856286176,
          "LBBB": 0.9798597055051683,
          "RBBB": 0.9864584764442001,
          "SB": 0.9429492095327985,
          "ST": 0.9555192197360872
        },
        "per_label_support": {
          "1dAVB": 80,
          "AF": 151,
          "LBBB": 61,
          "RBBB": 166,
          "SB": 64,
          "ST": 83
        }
      }
    },
    {
      "epoch": 4,
      "train": {
        "loss": 0.07517315609833378,
        "max_batch_loss": 0.17124246060848236,
        "min_batch_loss": 0.021545883268117905,
        "samples": 17418,
        "steps": 273
      },
      "validation": {
        "macro_auprc": 0.6369754321591139,
        "macro_auroc": 0.9572138740120257,
        "micro_auprc": 0.6641640151490861,
        "micro_auroc": 0.9566376675070272,
        "num_records": 2183,
        "per_label_auprc": {
          "1dAVB": 0.39938129592349403,
          "AF": 0.7985632581937451,
          "LBBB": 0.7661067711941949,
          "RBBB": 0.8232679549420038,
          "SB": 0.4328577058177159,
          "ST": 0.6016756068835294
        },
        "per_label_auroc": {
          "1dAVB": 0.903471231573942,
          "AF": 0.9658510194503833,
          "LBBB": 0.9725900403269417,
          "RBBB": 0.9842513335443908,
          "SB": 0.9512446908919301,
          "ST": 0.9658749282845668
        },
        "per_label_support": {
          "1dAVB": 80,
          "AF": 151,
          "LBBB": 61,
          "RBBB": 166,
          "SB": 64,
          "ST": 83
        }
      }
    },
    {
      "epoch": 5,
      "train": {
        "loss": 0.06874158684682292,
        "max_batch_loss": 0.14676977694034576,
        "min_batch_loss": 0.032596226781606674,
        "samples": 17418,
        "steps": 273
      },
      "validation": {
        "macro_auprc": 0.6984766644360771,
        "macro_auroc": 0.9673555276306928,
        "micro_auprc": 0.7280768020835057,
        "micro_auroc": 0.9653993343710494,
        "num_records": 2183,
        "per_label_auprc": {
          "1dAVB": 0.5465539563636669,
          "AF": 0.8174020103381607,
          "LBBB": 0.8131814838463657,
          "RBBB": 0.8728822390103638,
          "SB": 0.4951823597241707,
          "ST": 0.6456579373337351
        },
        "per_label_auroc": {
          "1dAVB": 0.9412981455064194,
          "AF": 0.9749602388277624,
          "LBBB": 0.9772098700576319,
          "RBBB": 0.9818351243347211,
          "SB": 0.9544522770174612,
          "ST": 0.9743775100401606
        },
        "per_label_support": {
          "1dAVB": 80,
          "AF": 151,
          "LBBB": 61,
          "RBBB": 166,
          "SB": 64,
          "ST": 83
        }
      }
    }
  ]
}
