{
  "available_labels": [
    "AF",
    "RBBB",
    "LBBB",
    "1dAVB",
    "SB",
    "ST"
  ],
  "dataset": "CODE15",
  "domain": "code15_brazil",
  "missing_labels": {
    "1dAVB": 0,
    "AF": 0,
    "LBBB": 0,
    "RBBB": 0,
    "SB": 0,
    "ST": 0
  },
  "patients_total": 233770,
  "positive_counts": {
    "1dAVB": 5716,
    "AF": 7033,
    "LBBB": 6026,
    "RBBB": 9672,
    "SB": 5605,
    "ST": 7584
  },
  "positive_prevalence": {
    "1dAVB": 0.01653078989759355,
    "AF": 0.020339581061892133,
    "LBBB": 0.017427316291619793,
    "RBBB": 0.027971623493618758,
    "SB": 0.016209775608119637,
    "ST": 0.02193308442675813
  },
  "records_excluded": 0,
  "records_total": 345779,
  "records_usable": 345779,
  "split_label_summary": {
    "test": {
      "patients": 46754,
      "positive_counts": {
        "1dAVB": 1112,
        "AF": 1352,
        "LBBB": 1176,
        "RBBB": 1970,
        "SB": 1100,
        "ST": 1500
      },
      "positive_prevalence": {
        "1dAVB": 0.016055443257291364,
        "AF": 0.019520646838001733,
        "LBBB": 0.016979497545480796,
        "RBBB": 0.028443546058330927,
        "SB": 0.015882183078255847,
        "ST": 0.02165752237943979
      },
      "records": 69260
    },
    "train": {
      "patients": 163639,
      "positive_counts": {
        "1dAVB": 4033,
        "AF": 4972,
        "LBBB": 4244,
        "RBBB": 6740,
        "SB": 3947,
        "ST": 5315
      },
      "positive_prevalence": {
        "1dAVB": 0.016668250970213714,
        "AF": 0.0205491058328546,
        "LBBB": 0.017540306748719814,
        "RBBB": 0.027856189322896217,
        "SB": 0.01631281591357142,
        "ST": 0.021966713093648872
      },
      "records": 241957
    },
    "validation": {
      "patients": 23377,
      "positive_counts": {
        "1dAVB": 571,
        "AF": 709,
        "LBBB": 606,
        "RBBB": 962,
        "SB": 558,
        "ST": 769
      },
      "positive_prevalence": {
        "1dAVB": 0.01652103466234593,
        "AF": 0.020513859151669464,
        "LBBB": 0.017533707540072913,
        "RBBB": 0.027834037382095944,
        "SB": 0.016144899022047337,
        "ST": 0.022249869799201436
      },
      "records": 34562
    }
  },
  "split_policy": {
    "leakage_check": {
      "patient_column": "patient_id",
      "status": "passed"
    },
    "method": "patient_level_random",
    "seed": 42,
    "split_algorithm": "patient_level_random",
    "split_level": "patient",
    "split_note": "Fallback random patient split used because stratified patient split was not feasible",
    "split_source": "generated",
    "stratification": "none",
    "test_fraction": 0.2,
    "train_fraction": 0.7,
    "validation_fraction": 0.1
  },
  "waveform_check": {
    "checked_records": 345779,
    "lead_order": [
      "I",
      "II",
      "III",
      "aVR",
      "aVL",
      "aVF",
      "V1",
      "V2",
      "V3",
      "V4",
      "V5",
      "V6"
    ],
    "mode": "full",
    "source_unit": "mV",
    "target_length": 5000,
    "target_sampling_rate": 500,
    "target_unit": "mV",
    "unit_converted": false
  }
}
