label,positive_rate
AF,0.020339581061892133
RBBB,0.027971623493618758
LBBB,0.017427316291619793
1dAVB,0.01653078989759355
SB,0.016209775608119637
ST,0.02193308442675813
